Number,Text
1,Memory leak warning: container auth-service-1 reached 983% heap limit
2,Memory leak warning: container auth-service-2 reached 998% heap limit
3,[Warning] Disk space usage above 575% on storage-cluster-3
4,[Warning] Disk space usage above 98% on storage-cluster-4
5,Database migration step 5 completed successfully in 437ms
6,API gateway latency degradation: p99 response time is 506ms for api-v1-6
7,[Warning] Disk space usage above 374% on storage-cluster-7
8,[Info] Daily automated backup finished for database-instance-8 (size: 307 GB)
9,Database migration step 9 completed successfully in 240ms
10,DNS query resolution timeout count reached 215 on nameserver-10
11,Memory leak warning: container auth-service-11 reached 80% heap limit
12,[Info] Daily automated backup finished for database-instance-12 (size: 670 GB)
13,API gateway latency degradation: p99 response time is 636ms for api-v1-13
14,[Warning] Disk space usage above 125% on storage-cluster-14
15,Database migration step 15 completed successfully in 26ms
16,Database migration step 16 completed successfully in 780ms
17,Failed ssh login attempts threshold exceeded on bastion-host-17 (419 failures)
18,Memory leak warning: container auth-service-18 reached 487% heap limit
19,API gateway latency degradation: p99 response time is 273ms for api-v1-19
20,API gateway latency degradation: p99 response time is 873ms for api-v1-20
21,[Error] Out of memory (OOM) killer invoked for task-21 (limit: 227MB)
22,DNS query resolution timeout count reached 572 on nameserver-22
23,DNS query resolution timeout count reached 486 on nameserver-23
24,Failed ssh login attempts threshold exceeded on bastion-host-24 (146 failures)
25,[Warning] Disk space usage above 355% on storage-cluster-25
26,DNS query resolution timeout count reached 934 on nameserver-26
27,API gateway latency degradation: p99 response time is 56ms for api-v1-27
28,[Info] Daily automated backup finished for database-instance-28 (size: 447 GB)
29,SSL certificate validation warning: domain-29.com expires in 324 days
30,[Info] Daily automated backup finished for database-instance-30 (size: 61 GB)
31,API gateway latency degradation: p99 response time is 10ms for api-v1-31
32,[Warning] Disk space usage above 533% on storage-cluster-32
33,[Error] Out of memory (OOM) killer invoked for task-33 (limit: 913MB)
34,Memory leak warning: container auth-service-34 reached 803% heap limit
35,SSL certificate validation warning: domain-35.com expires in 817 days
36,Database migration step 36 completed successfully in 880ms
37,[Error] Out of memory (OOM) killer invoked for task-37 (limit: 807MB)
38,Database migration step 38 completed successfully in 967ms
39,[Critical] CPU utilization spike of 734% on server-node-39
40,[Critical] CPU utilization spike of 525% on server-node-40
41,[Critical] CPU utilization spike of 473% on server-node-41
42,Failed ssh login attempts threshold exceeded on bastion-host-42 (512 failures)
43,[Error] Out of memory (OOM) killer invoked for task-43 (limit: 312MB)
44,[Critical] CPU utilization spike of 384% on server-node-44
45,Memory leak warning: container auth-service-45 reached 938% heap limit
46,[Info] Daily automated backup finished for database-instance-46 (size: 839 GB)
47,DNS query resolution timeout count reached 707 on nameserver-47
48,[Info] Daily automated backup finished for database-instance-48 (size: 496 GB)
49,DNS query resolution timeout count reached 917 on nameserver-49
50,SSL certificate validation warning: domain-50.com expires in 672 days
51,[Error] Out of memory (OOM) killer invoked for task-51 (limit: 124MB)
52,Memory leak warning: container auth-service-52 reached 236% heap limit
53,Failed ssh login attempts threshold exceeded on bastion-host-53 (635 failures)
54,API gateway latency degradation: p99 response time is 990ms for api-v1-54
55,API gateway latency degradation: p99 response time is 374ms for api-v1-55
56,Failed ssh login attempts threshold exceeded on bastion-host-56 (777 failures)
57,[Info] Daily automated backup finished for database-instance-57 (size: 234 GB)
58,[Critical] CPU utilization spike of 351% on server-node-58
59,[Error] Out of memory (OOM) killer invoked for task-59 (limit: 494MB)
60,API gateway latency degradation: p99 response time is 373ms for api-v1-60
61,SSL certificate validation warning: domain-61.com expires in 897 days
62,[Error] Out of memory (OOM) killer invoked for task-62 (limit: 276MB)
63,SSL certificate validation warning: domain-63.com expires in 289 days
64,[Warning] Disk space usage above 592% on storage-cluster-64
65,Database migration step 65 completed successfully in 945ms
66,Database migration step 66 completed successfully in 149ms
67,DNS query resolution timeout count reached 701 on nameserver-67
68,[Critical] CPU utilization spike of 870% on server-node-68
69,SSL certificate validation warning: domain-69.com expires in 345 days
70,Database migration step 70 completed successfully in 796ms
71,Memory leak warning: container auth-service-71 reached 772% heap limit
72,[Error] Out of memory (OOM) killer invoked for task-72 (limit: 233MB)
73,Failed ssh login attempts threshold exceeded on bastion-host-73 (74 failures)
74,Database migration step 74 completed successfully in 200ms
75,[Warning] Disk space usage above 596% on storage-cluster-75
76,[Error] Out of memory (OOM) killer invoked for task-76 (limit: 999MB)
77,Database migration step 77 completed successfully in 968ms
78,[Info] Daily automated backup finished for database-instance-78 (size: 633 GB)
79,[Critical] CPU utilization spike of 751% on server-node-79
80,[Error] Out of memory (OOM) killer invoked for task-80 (limit: 216MB)
81,DNS query resolution timeout count reached 950 on nameserver-81
82,API gateway latency degradation: p99 response time is 596ms for api-v1-82
83,API gateway latency degradation: p99 response time is 657ms for api-v1-83
84,SSL certificate validation warning: domain-84.com expires in 959 days
85,[Error] Out of memory (OOM) killer invoked for task-85 (limit: 703MB)
86,Failed ssh login attempts threshold exceeded on bastion-host-86 (479 failures)
87,[Warning] Disk space usage above 659% on storage-cluster-87
88,API gateway latency degradation: p99 response time is 726ms for api-v1-88
89,SSL certificate validation warning: domain-89.com expires in 705 days
90,[Warning] Disk space usage above 773% on storage-cluster-90
91,[Critical] CPU utilization spike of 619% on server-node-91
92,[Critical] CPU utilization spike of 627% on server-node-92
93,Database migration step 93 completed successfully in 495ms
94,Database migration step 94 completed successfully in 429ms
95,Memory leak warning: container auth-service-95 reached 510% heap limit
96,[Critical] CPU utilization spike of 638% on server-node-96
97,API gateway latency degradation: p99 response time is 905ms for api-v1-97
98,Database migration step 98 completed successfully in 946ms
99,SSL certificate validation warning: domain-99.com expires in 185 days
100,[Info] Daily automated backup finished for database-instance-100 (size: 57 GB)
